id,Datum,Umsatz_predicted
1808012.0,2018-08-01,438.59506
1808014.0,2018-08-01,94.31199
1808015.0,2018-08-01,304.36313
1808011.0,2018-08-01,133.46939
1808013.0,2018-08-01,196.52077
1808023.0,2018-08-02,199.67003
1808025.0,2018-08-02,311.20596
1808022.0,2018-08-02,451.583
1808021.0,2018-08-02,134.63538
1808024.0,2018-08-02,97.40933
1808035.0,2018-08-03,334.8851
1808032.0,2018-08-03,473.19574
1808031.0,2018-08-03,157.06375
1808034.0,2018-08-03,118.16967
1808033.0,2018-08-03,222.55437
1808042.0,2018-08-04,482.20532
1808045.0,2018-08-04,342.8385
1808041.0,2018-08-04,166.73119
1808043.0,2018-08-04,231.286
1808044.0,2018-08-04,124.78474
1808053.0,2018-08-05,257.44794
1808052.0,2018-08-05,512.59686
1808054.0,2018-08-05,150.06047
1808055.0,2018-08-05,376.07455
1808051.0,2018-08-05,195.3484
1808062.0,2018-08-06,441.38962
1808063.0,2018-08-06,195.38855
1808065.0,2018-08-06,307.5664
1808061.0,2018-08-06,134.87564
1808064.0,2018-08-06,96.90606
1808075.0,2018-08-07,323.1853
1808071.0,2018-08-07,149.03166
1808074.0,2018-08-07,113.0625
1808072.0,2018-08-07,474.797
1808073.0,2018-08-07,224.6176
1808084.0,2018-08-08,106.89119
1808082.0,2018-08-08,461.2638
1808083.0,2018-08-08,210.88853
1808085.0,2018-08-08,324.1167
1808081.0,2018-08-08,147.62025
1808092.0,2018-08-09,457.94812
1808091.0,2018-08-09,146.27945
1808093.0,2018-08-09,208.1741
1808094.0,2018-08-09,98.46264
1808095.0,2018-08-09,320.22452
1808103.0,2018-08-10,214.778
1808101.0,2018-08-10,160.04451
1808102.0,2018-08-10,465.50375
1808104.0,2018-08-10,124.78993
1808105.0,2018-08-10,340.3295
1808112.0,2018-08-11,468.3407
1808115.0,2018-08-11,332.31274
1808113.0,2018-08-11,218.10806
1808114.0,2018-08-11,121.70947
1808111.0,2018-08-11,161.34393
1808124.0,2018-08-12,134.07294
1808122.0,2018-08-12,486.67645
1808123.0,2018-08-12,232.24771
1808121.0,2018-08-12,170.51245
1808125.0,2018-08-12,347.4224
1808132.0,2018-08-13,435.41522
1808133.0,2018-08-13,192.99167
1808135.0,2018-08-13,307.67905
1808131.0,2018-08-13,139.0153
1808134.0,2018-08-13,100.500984
1808141.0,2018-08-14,137.57608
1808145.0,2018-08-14,308.53906
1808142.0,2018-08-14,442.04074
1808143.0,2018-08-14,193.79796
1808144.0,2018-08-14,100.53122
1808155.0,2018-08-15,305.89877
1808154.0,2018-08-15,97.55783
1808153.0,2018-08-15,192.63159
1808152.0,2018-08-15,439.68076
1808151.0,2018-08-15,134.4525
1808165.0,2018-08-16,303.00208
1808162.0,2018-08-16,441.87103
1808164.0,2018-08-16,90.68467
1808161.0,2018-08-16,129.2869
1808163.0,2018-08-16,194.23055
1808174.0,2018-08-17,114.88245
1808171.0,2018-08-17,157.19789
1808173.0,2018-08-17,209.0405
1808172.0,2018-08-17,457.6686
1808175.0,2018-08-17,326.54694
1808181.0,2018-08-18,171.52556
1808185.0,2018-08-18,341.79333
1808182.0,2018-08-18,480.05228
1808184.0,2018-08-18,130.47337
1808183.0,2018-08-18,230.85408
1808191.0,2018-08-19,188.08415
1808195.0,2018-08-19,366.59152
1808194.0,2018-08-19,147.30908
1808192.0,2018-08-19,507.14697
1808193.0,2018-08-19,252.73131
1808203.0,2018-08-20,189.3523
1808204.0,2018-08-20,93.23479
1808202.0,2018-08-20,433.87994
1808201.0,2018-08-20,130.50955
1808205.0,2018-08-20,301.4653
1808212.0,2018-08-21,431.44968
1808213.0,2018-08-21,186.57928
1808215.0,2018-08-21,299.9348
1808211.0,2018-08-21,131.33727
1808214.0,2018-08-21,95.1941
1808223.0,2018-08-22,193.43904
1808224.0,2018-08-22,97.295876
1808221.0,2018-08-22,136.72707
1808225.0,2018-08-22,314.54977
1808222.0,2018-08-22,454.78094
1808233.0,2018-08-23,209.32571
1808235.0,2018-08-23,325.73914
1808231.0,2018-08-23,147.04509
1808234.0,2018-08-23,108.30196
1808232.0,2018-08-23,461.01614
1808245.0,2018-08-24,335.859
1808244.0,2018-08-24,122.63528
1808241.0,2018-08-24,159.86398
1808243.0,2018-08-24,214.80722
1808242.0,2018-08-24,456.13455
1808252.0,2018-08-25,453.978
1808253.0,2018-08-25,216.89992
1808254.0,2018-08-25,119.91921
1808251.0,2018-08-25,161.07024
1808255.0,2018-08-25,322.08438
1808263.0,2018-08-26,240.51956
1808264.0,2018-08-26,135.53088
1808265.0,2018-08-26,355.44458
1808261.0,2018-08-26,179.2165
1808262.0,2018-08-26,498.82074
1808271.0,2018-08-27,137.19519
1808273.0,2018-08-27,191.61693
1808272.0,2018-08-27,432.84293
1808275.0,2018-08-27,305.17752
1808274.0,2018-08-27,97.805916
1808281.0,2018-08-28,124.664154
1808282.0,2018-08-28,420.26166
1808284.0,2018-08-28,90.246284
1808283.0,2018-08-28,178.79599
1808285.0,2018-08-28,290.6303
1808294.0,2018-08-29,87.131454
1808292.0,2018-08-29,423.38477
1808295.0,2018-08-29,294.0472
1808291.0,2018-08-29,116.6007
1808293.0,2018-08-29,175.9891
1808303.0,2018-08-30,190.96957
1808301.0,2018-08-30,132.39581
1808304.0,2018-08-30,100.565414
1808305.0,2018-08-30,310.04828
1808302.0,2018-08-30,437.43484
1808314.0,2018-08-31,96.60316
1808313.0,2018-08-31,182.86105
1808312.0,2018-08-31,425.8025
1808311.0,2018-08-31,126.90668
1808315.0,2018-08-31,295.12762
1809011.0,2018-09-01,146.68774
1809015.0,2018-09-01,315.76822
1809012.0,2018-09-01,449.20932
1809013.0,2018-09-01,203.02515
1809014.0,2018-09-01,109.98295
1809024.0,2018-09-02,136.28876
1809022.0,2018-09-02,494.10324
1809025.0,2018-09-02,354.10397
1809023.0,2018-09-02,240.9834
1809021.0,2018-09-02,177.09756
1809031.0,2018-09-03,124.52185
1809033.0,2018-09-03,180.90816
1809034.0,2018-09-03,85.9905
1809032.0,2018-09-03,430.83423
1809035.0,2018-09-03,295.4139
1809042.0,2018-09-04,429.75458
1809041.0,2018-09-04,126.83786
1809044.0,2018-09-04,91.51342
1809045.0,2018-09-04,297.33072
1809043.0,2018-09-04,183.726
1809053.0,2018-09-05,164.76495
1809051.0,2018-09-05,107.421394
1809055.0,2018-09-05,278.277
1809054.0,2018-09-05,76.6461
1809052.0,2018-09-05,410.15436
1809061.0,2018-09-06,112.21073
1809062.0,2018-09-06,419.48364
1809065.0,2018-09-06,286.20782
1809063.0,2018-09-06,173.07524
1809064.0,2018-09-06,77.64836
1809075.0,2018-09-07,308.9284
1809072.0,2018-09-07,440.61963
1809074.0,2018-09-07,106.215065
1809073.0,2018-09-07,199.45277
1809071.0,2018-09-07,144.4258
1809084.0,2018-09-08,116.08517
1809083.0,2018-09-08,208.37267
1809081.0,2018-09-08,155.54684
1809085.0,2018-09-08,321.83246
1809082.0,2018-09-08,454.50763
1809092.0,2018-09-09,486.4358
1809091.0,2018-09-09,170.85147
1809095.0,2018-09-09,346.13416
1809094.0,2018-09-09,132.30743
1809093.0,2018-09-09,232.70811
1809102.0,2018-09-10,425.2073
1809104.0,2018-09-10,91.8665
1809101.0,2018-09-10,129.8612
1809105.0,2018-09-10,298.26102
1809103.0,2018-09-10,183.51862
1809114.0,2018-09-11,87.769066
1809112.0,2018-09-11,411.0475
1809115.0,2018-09-11,286.4635
1809113.0,2018-09-11,170.51588
1809111.0,2018-09-11,120.30607
1809123.0,2018-09-12,152.43646
1809122.0,2018-09-12,393.2184
1809125.0,2018-09-12,270.97858
1809121.0,2018-09-12,111.18155
1809124.0,2018-09-12,79.505394
1809132.0,2018-09-13,406.00742
1809134.0,2018-09-13,78.225266
1809131.0,2018-09-13,108.35623
1809135.0,2018-09-13,275.12344
1809133.0,2018-09-13,162.78383
1809142.0,2018-09-14,420.02994
1809144.0,2018-09-14,92.98653
1809141.0,2018-09-14,125.08845
1809143.0,2018-09-14,178.4121
1809145.0,2018-09-14,290.7759
1809153.0,2018-09-15,194.66179
1809151.0,2018-09-15,139.94197
1809152.0,2018-09-15,440.1611
1809155.0,2018-09-15,307.9965
1809154.0,2018-09-15,103.95053
1809165.0,2018-09-16,334.07162
1809162.0,2018-09-16,474.39215
1809163.0,2018-09-16,220.67737
1809164.0,2018-09-16,121.88676
1809161.0,2018-09-16,158.06082
1809173.0,2018-09-17,165.24854
1809171.0,2018-09-17,111.75408
1809172.0,2018-09-17,407.17862
1809175.0,2018-09-17,278.6845
1809174.0,2018-09-17,78.146645
1809183.0,2018-09-18,161.91074
1809182.0,2018-09-18,403.72668
1809181.0,2018-09-18,109.49045
1809184.0,2018-09-18,78.332825
1809185.0,2018-09-18,275.4171
1809191.0,2018-09-19,106.05444
1809193.0,2018-09-19,157.53154
1809195.0,2018-09-19,271.86316
1809194.0,2018-09-19,76.279045
1809192.0,2018-09-19,399.34744
1809203.0,2018-09-20,165.9142
1809202.0,2018-09-20,408.58438
1809201.0,2018-09-20,111.635284
1809204.0,2018-09-20,78.398674
1809205.0,2018-09-20,279.33826
1809212.0,2018-09-21,419.2474
1809211.0,2018-09-21,127.263176
1809214.0,2018-09-21,96.30555
1809213.0,2018-09-21,180.12973
1809215.0,2018-09-21,292.8158
1809223.0,2018-09-22,208.32239
1809221.0,2018-09-22,153.20082
1809224.0,2018-09-22,114.70528
1809222.0,2018-09-22,447.64447
1809225.0,2018-09-22,318.33853
1809231.0,2018-09-23,167.91791
1809234.0,2018-09-23,131.21245
1809235.0,2018-09-23,339.1393
1809232.0,2018-09-23,479.17084
1809233.0,2018-09-23,226.7643
1809242.0,2018-09-24,399.77496
1809243.0,2018-09-24,157.16792
1809241.0,2018-09-24,113.14141
1809244.0,2018-09-24,77.9722
1809245.0,2018-09-24,276.78094
1809251.0,2018-09-25,108.41159
1809254.0,2018-09-25,77.11071
1809252.0,2018-09-25,394.35846
1809255.0,2018-09-25,269.78873
1809253.0,2018-09-25,151.19704
1809261.0,2018-09-26,101.54333
1809265.0,2018-09-26,263.75323
1809262.0,2018-09-26,387.4878
1809263.0,2018-09-26,146.34377
1809264.0,2018-09-26,74.54165
1809274.0,2018-09-27,73.96635
1809272.0,2018-09-27,405.08783
1809275.0,2018-09-27,270.58582
1809273.0,2018-09-27,158.6301
1809271.0,2018-09-27,105.91761
1809284.0,2018-09-28,107.56522
1809283.0,2018-09-28,195.05289
1809282.0,2018-09-28,434.69153
1809285.0,2018-09-28,306.80063
1809281.0,2018-09-28,139.10149
1809293.0,2018-09-29,207.65123
1809294.0,2018-09-29,118.61528
1809291.0,2018-09-29,156.52264
1809295.0,2018-09-29,322.7825
1809292.0,2018-09-29,449.2534
1809303.0,2018-09-30,231.83105
1809304.0,2018-09-30,130.62326
1809302.0,2018-09-30,483.81262
1809301.0,2018-09-30,169.91913
1809305.0,2018-09-30,344.5959
1810013.0,2018-10-01,143.658
1810015.0,2018-10-01,262.46014
1810011.0,2018-10-01,100.360306
1810014.0,2018-10-01,67.247894
1810012.0,2018-10-01,380.73047
1810021.0,2018-10-02,92.977936
1810024.0,2018-10-02,64.32315
1810023.0,2018-10-02,127.57766
1810025.0,2018-10-02,248.88902
1810022.0,2018-10-02,368.24847
1810035.0,2018-10-03,298.4076
1810033.0,2018-10-03,183.24728
1810034.0,2018-10-03,94.3808
1810032.0,2018-10-03,424.2823
1810031.0,2018-10-03,127.63869
1810041.0,2018-10-04,111.96787
1810042.0,2018-10-04,398.1266
1810043.0,2018-10-04,155.39333
1810045.0,2018-10-04,272.11874
1810044.0,2018-10-04,76.72128
1810053.0,2018-10-05,185.6486
1810054.0,2018-10-05,97.69694
1810052.0,2018-10-05,429.93048
1810055.0,2018-10-05,294.0929
1810051.0,2018-10-05,129.56279
1810065.0,2018-10-06,309.2546
1810064.0,2018-10-06,111.29035
1810063.0,2018-10-06,197.20976
1810062.0,2018-10-06,436.51266
1810061.0,2018-10-06,147.02927
1810073.0,2018-10-07,213.74306
1810072.0,2018-10-07,462.972
1810074.0,2018-10-07,118.97155
1810075.0,2018-10-07,322.52185
1810071.0,2018-10-07,151.91583
1810085.0,2018-10-08,270.46207
1810082.0,2018-10-08,393.01532
1810084.0,2018-10-08,75.24638
1810083.0,2018-10-08,150.44199
1810081.0,2018-10-08,107.78187
1810095.0,2018-10-09,260.1991
1810092.0,2018-10-09,386.56454
1810091.0,2018-10-09,99.344986
1810093.0,2018-10-09,146.64879
1810094.0,2018-10-09,71.30572
1810103.0,2018-10-10,156.51614
1810105.0,2018-10-10,271.14575
1810104.0,2018-10-10,76.67619
1810102.0,2018-10-10,395.6027
1810101.0,2018-10-10,103.717896
1810115.0,2018-10-11,276.99002
1810112.0,2018-10-11,409.79306
1810111.0,2018-10-11,109.005806
1810113.0,2018-10-11,167.11461
1810114.0,2018-10-11,76.73506
1810125.0,2018-10-12,305.06754
1810123.0,2018-10-12,190.98405
1810121.0,2018-10-12,131.87039
1810124.0,2018-10-12,97.73558
1810122.0,2018-10-12,434.42035
1810133.0,2018-10-13,208.82028
1810132.0,2018-10-13,460.82974
1810135.0,2018-10-13,322.90372
1810131.0,2018-10-13,149.00156
1810134.0,2018-10-13,110.85289
1810142.0,2018-10-14,487.43445
1810141.0,2018-10-14,168.76382
1810144.0,2018-10-14,131.26581
1810145.0,2018-10-14,347.13187
1810143.0,2018-10-14,233.7078
1810155.0,2018-10-15,290.13544
1810154.0,2018-10-15,82.23336
1810152.0,2018-10-15,422.75037
1810151.0,2018-10-15,117.504814
1810153.0,2018-10-15,175.78482
1810165.0,2018-10-16,287.82047
1810164.0,2018-10-16,87.72903
1810162.0,2018-10-16,419.2873
1810163.0,2018-10-16,176.54599
1810161.0,2018-10-16,118.94589
1810172.0,2018-10-17,423.74042
1810174.0,2018-10-17,89.82905
1810171.0,2018-10-17,123.98877
1810173.0,2018-10-17,180.65326
1810175.0,2018-10-17,294.73517
1810185.0,2018-10-18,275.39252
1810183.0,2018-10-18,162.18327
1810184.0,2018-10-18,82.08879
1810181.0,2018-10-18,118.64457
1810182.0,2018-10-18,414.2534
1810194.0,2018-10-19,93.3164
1810192.0,2018-10-19,399.7481
1810191.0,2018-10-19,120.978386
1810195.0,2018-10-19,278.8942
1810193.0,2018-10-19,159.66656
1810201.0,2018-10-20,133.29015
1810205.0,2018-10-20,293.32324
1810203.0,2018-10-20,176.52274
1810204.0,2018-10-20,100.3949
1810202.0,2018-10-20,418.33868
1810215.0,2018-10-21,315.7223
1810211.0,2018-10-21,147.90984
1810214.0,2018-10-21,114.083725
1810213.0,2018-10-21,202.26245
1810212.0,2018-10-21,451.29474
1810224.0,2018-10-22,55.693794
1810222.0,2018-10-22,365.7365
1810223.0,2018-10-22,123.786934
1810221.0,2018-10-22,84.00259
1810225.0,2018-10-22,244.93376
1810232.0,2018-10-23,375.8715
1810234.0,2018-10-23,65.930214
1810233.0,2018-10-23,134.85329
1810231.0,2018-10-23,94.60125
1810235.0,2018-10-23,255.27501
1810241.0,2018-10-24,77.98661
1810244.0,2018-10-24,54.873196
1810245.0,2018-10-24,238.29024
1810243.0,2018-10-24,115.39655
1810242.0,2018-10-24,356.529
1810251.0,2018-10-25,93.13509
1810254.0,2018-10-25,62.33354
1810252.0,2018-10-25,377.36823
1810255.0,2018-10-25,254.6516
1810253.0,2018-10-25,135.19604
1810262.0,2018-10-26,389.21417
1810265.0,2018-10-26,269.03647
1810263.0,2018-10-26,147.95763
1810264.0,2018-10-26,82.80517
1810261.0,2018-10-26,111.45118
1810273.0,2018-10-27,171.65767
1810271.0,2018-10-27,131.05327
1810275.0,2018-10-27,288.20264
1810272.0,2018-10-27,407.0113
1810274.0,2018-10-27,95.0044
1810282.0,2018-10-28,422.11346
1810285.0,2018-10-28,291.57635
1810283.0,2018-10-28,178.37367
1810281.0,2018-10-28,126.65485
1810284.0,2018-10-28,95.40544
1810291.0,2018-10-29,93.43
1810295.0,2018-10-29,252.53166
1810294.0,2018-10-29,63.27227
1810292.0,2018-10-29,370.57034
1810293.0,2018-10-29,129.63017
1810305.0,2018-10-30,243.4036
1810301.0,2018-10-30,88.11679
1810302.0,2018-10-30,366.79688
1810304.0,2018-10-30,60.970123
1810303.0,2018-10-30,126.551
,2018-10-31,236.73015
1811015.0,2018-11-01,239.93852
1811014.0,2018-11-01,51.37046
1811012.0,2018-11-01,363.2376
1811013.0,2018-11-01,121.925156
1811011.0,2018-11-01,79.29157
1811016.0,2018-11-01,41.096207
1811026.0,2018-11-02,63.127388
1811021.0,2018-11-02,103.08438
1811022.0,2018-11-02,383.959
1811024.0,2018-11-02,76.23764
1811025.0,2018-11-02,264.02582
1811023.0,2018-11-02,143.10286
1811035.0,2018-11-03,283.1917
1811033.0,2018-11-03,163.23882
1811031.0,2018-11-03,124.08881
1811034.0,2018-11-03,93.34876
1811032.0,2018-11-03,402.33292
1811036.0,2018-11-03,78.72332
1811045.0,2018-11-04,299.9957
1811044.0,2018-11-04,105.750725
1811043.0,2018-11-04,186.7477
1811042.0,2018-11-04,433.29678
1811041.0,2018-11-04,136.06847
1811046.0,2018-11-04,89.42086
1811056.0,2018-11-05,54.169846
1811055.0,2018-11-05,250.92084
1811051.0,2018-11-05,94.48373
1811052.0,2018-11-05,371.7496
1811054.0,2018-11-05,67.208694
1811053.0,2018-11-05,131.94905
1811063.0,2018-11-06,123.16613
1811064.0,2018-11-06,65.57259
1811061.0,2018-11-06,90.396
1811065.0,2018-11-06,244.7358
1811062.0,2018-11-06,361.52716
1811066.0,2018-11-06,53.97327
1811076.0,2018-11-07,46.86214
1811071.0,2018-11-07,83.401764
1811072.0,2018-11-07,362.19812
1811074.0,2018-11-07,55.975327
1811075.0,2018-11-07,238.92854
1811073.0,2018-11-07,118.03286
1811085.0,2018-11-08,252.26445
1811082.0,2018-11-08,374.93018
1811081.0,2018-11-08,90.83293
1811083.0,2018-11-08,133.60947
1811086.0,2018-11-08,48.550167
1811084.0,2018-11-08,60.89635
1811093.0,2018-11-09,143.39401
1811094.0,2018-11-09,83.22846
1811096.0,2018-11-09,71.04833
1811091.0,2018-11-09,113.25515
1811095.0,2018-11-09,270.65167
1811092.0,2018-11-09,388.40198
1811105.0,2018-11-10,278.4433
1811102.0,2018-11-10,401.88327
1811104.0,2018-11-10,88.461975
1811101.0,2018-11-10,118.87575
1811106.0,2018-11-10,74.19757
1811103.0,2018-11-10,162.95856
1811116.0,2018-11-11,90.77461
1811115.0,2018-11-11,309.54947
1811112.0,2018-11-11,447.26282
1811111.0,2018-11-11,139.38881
1811114.0,2018-11-11,106.82722
1811113.0,2018-11-11,195.18233
1811126.0,2018-11-12,50.82979
1811125.0,2018-11-12,249.7818
1811122.0,2018-11-12,368.66602
1811124.0,2018-11-12,61.070763
1811123.0,2018-11-12,126.06531
1811121.0,2018-11-12,91.57894
1811131.0,2018-11-13,95.289925
1811132.0,2018-11-13,371.51163
1811134.0,2018-11-13,67.54771
1811136.0,2018-11-13,56.244625
1811133.0,2018-11-13,129.4374
1811135.0,2018-11-13,251.8179
1811144.0,2018-11-14,60.820885
1811143.0,2018-11-14,115.32794
1811141.0,2018-11-14,84.45097
1811145.0,2018-11-14,241.53685
1811142.0,2018-11-14,359.71906
1811146.0,2018-11-14,52.2015
1811152.0,2018-11-15,377.22958
1811156.0,2018-11-15,56.23677
1811155.0,2018-11-15,256.42508
1811151.0,2018-11-15,100.51836
1811153.0,2018-11-15,136.29465
1811154.0,2018-11-15,69.92507
1811164.0,2018-11-16,79.39414
1811161.0,2018-11-16,105.49522
1811166.0,2018-11-16,68.73539
1811163.0,2018-11-16,139.15417
1811162.0,2018-11-16,382.89334
1811165.0,2018-11-16,263.5082
1811172.0,2018-11-17,384.2306
1811173.0,2018-11-17,143.8632
1811175.0,2018-11-17,267.3437
1811171.0,2018-11-17,107.78937
1811176.0,2018-11-17,69.28486
1811174.0,2018-11-17,82.137665
1811186.0,2018-11-18,70.48763
1811184.0,2018-11-18,87.777794
1811185.0,2018-11-18,279.26688
1811183.0,2018-11-18,164.82367
1811181.0,2018-11-18,112.91054
1811182.0,2018-11-18,408.98978
1811194.0,2018-11-19,50.82327
1811196.0,2018-11-19,40.860188
1811193.0,2018-11-19,105.04016
1811191.0,2018-11-19,76.14859
1811195.0,2018-11-19,230.13673
1811192.0,2018-11-19,344.67505
1811206.0,2018-11-20,41.152397
1811202.0,2018-11-20,338.93387
1811205.0,2018-11-20,224.59483
1811204.0,2018-11-20,50.930416
1811203.0,2018-11-20,102.118286
1811201.0,2018-11-20,75.21286
1811213.0,2018-11-21,94.88729
1811212.0,2018-11-21,334.35562
1811211.0,2018-11-21,70.84733
1811215.0,2018-11-21,219.85646
1811216.0,2018-11-21,36.44792
1811214.0,2018-11-21,45.671673
1811222.0,2018-11-22,343.08896
1811224.0,2018-11-22,52.967896
1811226.0,2018-11-22,41.14483
1811225.0,2018-11-22,231.5495
1811221.0,2018-11-22,81.17165
1811223.0,2018-11-22,105.72608
1811234.0,2018-11-23,71.478165
1811231.0,2018-11-23,95.90673
1811236.0,2018-11-23,60.67875
1811232.0,2018-11-23,356.05112
1811233.0,2018-11-23,119.05565
1811235.0,2018-11-23,243.4406
1811246.0,2018-11-24,73.389755
1811243.0,2018-11-24,143.77682
1811245.0,2018-11-24,267.6364
1811244.0,2018-11-24,86.232704
1811241.0,2018-11-24,113.80462
1811242.0,2018-11-24,382.23953
1811256.0,2018-11-25,75.26028
1811251.0,2018-11-25,120.46216
1811252.0,2018-11-25,410.62253
1811253.0,2018-11-25,169.77443
1811254.0,2018-11-25,93.79576
1811255.0,2018-11-25,284.9003
1811262.0,2018-11-26,343.20596
1811265.0,2018-11-26,229.1843
1811266.0,2018-11-26,42.120342
1811261.0,2018-11-26,77.601685
1811264.0,2018-11-26,52.07514
1811263.0,2018-11-26,104.91869
1811274.0,2018-11-27,63.77888
1811272.0,2018-11-27,349.95706
1811273.0,2018-11-27,112.169075
1811275.0,2018-11-27,234.43295
1811271.0,2018-11-27,85.86392
1811276.0,2018-11-27,49.75742
1811282.0,2018-11-28,333.2012
1811281.0,2018-11-28,74.49215
1811283.0,2018-11-28,96.992065
1811284.0,2018-11-28,50.706207
1811285.0,2018-11-28,221.72739
1811286.0,2018-11-28,42.09662
1811293.0,2018-11-29,109.09351
1811294.0,2018-11-29,56.76698
1811291.0,2018-11-29,82.9105
1811292.0,2018-11-29,349.06238
1811295.0,2018-11-29,237.7311
1811296.0,2018-11-29,47.390015
1811305.0,2018-11-30,256.07855
1811303.0,2018-11-30,134.33797
1811301.0,2018-11-30,101.14593
1811306.0,2018-11-30,61.092705
1811302.0,2018-11-30,366.6775
1811304.0,2018-11-30,74.76194
1812011.0,2018-12-01,116.268074
1812014.0,2018-12-01,86.20482
1812012.0,2018-12-01,392.67383
1812013.0,2018-12-01,150.5696
1812015.0,2018-12-01,271.82022
1812016.0,2018-12-01,73.003555
1812023.0,2018-12-02,184.63878
1812026.0,2018-12-02,87.011314
1812021.0,2018-12-02,134.87134
1812024.0,2018-12-02,103.01499
1812022.0,2018-12-02,429.2767
1812025.0,2018-12-02,296.9202
1812035.0,2018-12-03,244.75217
1812036.0,2018-12-03,46.157555
1812034.0,2018-12-03,56.08251
1812032.0,2018-12-03,362.50433
1812033.0,2018-12-03,119.46457
1812031.0,2018-12-03,82.36355
1812046.0,2018-12-04,42.646984
1812041.0,2018-12-04,81.56452
1812042.0,2018-12-04,351.2884
1812044.0,2018-12-04,49.020863
1812045.0,2018-12-04,231.14659
1812043.0,2018-12-04,103.594
1812055.0,2018-12-05,208.26999
1812052.0,2018-12-05,320.44205
1812054.0,2018-12-05,38.173573
1812053.0,2018-12-05,81.8836
1812051.0,2018-12-05,61.41337
1812056.0,2018-12-05,30.30135
1812065.0,2018-12-06,235.52678
1812061.0,2018-12-06,81.18732
1812066.0,2018-12-06,46.89581
1812064.0,2018-12-06,53.377586
1812062.0,2018-12-06,345.31213
1812063.0,2018-12-06,108.481606
1812076.0,2018-12-07,57.28184
1812075.0,2018-12-07,253.4904
1812071.0,2018-12-07,96.99401
1812072.0,2018-12-07,376.36707
1812074.0,2018-12-07,72.243385
1812073.0,2018-12-07,138.21567
1812085.0,2018-12-08,269.43277
1812081.0,2018-12-08,113.11647
1812086.0,2018-12-08,70.04801
1812082.0,2018-12-08,395.6291
1812083.0,2018-12-08,156.92227
1812084.0,2018-12-08,85.43765
1812093.0,2018-12-09,178.59985
1812094.0,2018-12-09,97.747185
1812095.0,2018-12-09,291.7281
1812092.0,2018-12-09,423.32434
1812091.0,2018-12-09,127.15549
1812096.0,2018-12-09,80.8151
1812104.0,2018-12-10,45.74725
1812102.0,2018-12-10,341.14584
1812101.0,2018-12-10,71.881035
1812105.0,2018-12-10,228.5945
1812106.0,2018-12-10,37.54577
1812103.0,2018-12-10,101.3831
1812116.0,2018-12-11,37.939598
1812111.0,2018-12-11,71.604195
1812112.0,2018-12-11,336.40314
1812114.0,2018-12-11,47.74192
1812115.0,2018-12-11,223.52008
1812113.0,2018-12-11,98.44601
1812124.0,2018-12-12,42.466404
1812125.0,2018-12-12,214.5732
1812121.0,2018-12-12,66.262405
1812123.0,2018-12-12,89.32684
1812126.0,2018-12-12,35.21345
1812122.0,2018-12-12,326.66016
1812134.0,2018-12-13,44.67588
1812133.0,2018-12-13,94.08672
1812132.0,2018-12-13,329.81387
1812131.0,2018-12-13,69.447685
1812136.0,2018-12-13,37.980087
1812135.0,2018-12-13,218.4919
1812142.0,2018-12-14,358.73257
1812141.0,2018-12-14,94.45106
1812143.0,2018-12-14,118.908646
1812144.0,2018-12-14,68.17084
1812145.0,2018-12-14,244.526
1812146.0,2018-12-14,55.302925
1812153.0,2018-12-15,132.79651
1812151.0,2018-12-15,106.63422
1812152.0,2018-12-15,372.35995
1812155.0,2018-12-15,259.44638
1812156.0,2018-12-15,64.79276
1812154.0,2018-12-15,79.11242
1812165.0,2018-12-16,279.84982
1812162.0,2018-12-16,403.86417
1812163.0,2018-12-16,161.89276
1812164.0,2018-12-16,91.77724
1812161.0,2018-12-16,120.153465
1812166.0,2018-12-16,74.96434
1812172.0,2018-12-17,332.75348
1812175.0,2018-12-17,219.37282
1812174.0,2018-12-17,45.679264
1812171.0,2018-12-17,71.98916
1812176.0,2018-12-17,36.031254
1812173.0,2018-12-17,95.670265
1812181.0,2018-12-18,69.11219
1812184.0,2018-12-18,44.008827
1812183.0,2018-12-18,90.10572
1812185.0,2018-12-18,219.5746
1812182.0,2018-12-18,336.84302
1812186.0,2018-12-18,38.242397
1812194.0,2018-12-19,44.08414
1812196.0,2018-12-19,38.139465
1812192.0,2018-12-19,325.3857
1812195.0,2018-12-19,213.41519
1812191.0,2018-12-19,70.916374
1812193.0,2018-12-19,91.78254
1812203.0,2018-12-20,104.517456
1812204.0,2018-12-20,52.747284
1812206.0,2018-12-20,41.8935
1812202.0,2018-12-20,340.8115
1812201.0,2018-12-20,77.17333
1812205.0,2018-12-20,229.39786
1812215.0,2018-12-21,245.42305
1812213.0,2018-12-21,121.80325
1812214.0,2018-12-21,68.97701
1812211.0,2018-12-21,92.37744
1812212.0,2018-12-21,358.4533
1812216.0,2018-12-21,57.068623
1812221.0,2018-12-22,108.33458
1812226.0,2018-12-22,67.42173
1812224.0,2018-12-22,79.36061
1812222.0,2018-12-22,375.44473
1812223.0,2018-12-22,136.70166
1812225.0,2018-12-22,257.36755
1812236.0,2018-12-23,81.21875
1812235.0,2018-12-23,290.23462
1812234.0,2018-12-23,98.3576
1812232.0,2018-12-23,416.53647
1812233.0,2018-12-23,174.45587
1812231.0,2018-12-23,125.13079
1812242.0,2018-12-24,345.87668
1812243.0,2018-12-24,113.878265
1812244.0,2018-12-24,57.323135
1812241.0,2018-12-24,85.28833
1812246.0,2018-12-24,43.54016
1812245.0,2018-12-24,234.76973
,2018-12-25,203.59409
,2018-12-26,195.52936
1812272.0,2018-12-27,352.2008
1812273.0,2018-12-27,108.253494
1812275.0,2018-12-27,232.18646
1812271.0,2018-12-27,81.2018
1812274.0,2018-12-27,54.86696
1812276.0,2018-12-27,43.85289
1812283.0,2018-12-28,129.915
1812284.0,2018-12-28,74.07773
1812285.0,2018-12-28,253.91992
1812281.0,2018-12-28,99.69335
1812282.0,2018-12-28,370.14423
1812286.0,2018-12-28,62.46166
1812294.0,2018-12-29,85.066414
1812293.0,2018-12-29,149.92549
1812295.0,2018-12-29,271.1222
1812291.0,2018-12-29,115.28476
1812292.0,2018-12-29,392.12875
1812302.0,2018-12-30,425.26517
1812303.0,2018-12-30,181.62508
1812301.0,2018-12-30,130.03024
1812304.0,2018-12-30,101.10626
1812305.0,2018-12-30,294.32108
1812312.0,2018-12-31,350.8673
1812311.0,2018-12-31,80.36735
1812313.0,2018-12-31,109.534645
1812315.0,2018-12-31,235.82217
,2019-01-01,200.40009
1901025.0,2019-01-02,205.07635
1901024.0,2019-01-02,34.68434
1901021.0,2019-01-02,59.506813
1901023.0,2019-01-02,82.63161
1901022.0,2019-01-02,324.1148
1901031.0,2019-01-03,57.612617
1901035.0,2019-01-03,198.94116
1901033.0,2019-01-03,74.533585
1901032.0,2019-01-03,308.9554
1901034.0,2019-01-03,28.662376
1901041.0,2019-01-04,88.402824
1901043.0,2019-01-04,112.577095
1901045.0,2019-01-04,241.01161
1901044.0,2019-01-04,61.786728
1901042.0,2019-01-04,348.12152
1901052.0,2019-01-05,375.75827
1901054.0,2019-01-05,72.47207
1901053.0,2019-01-05,138.28656
1901051.0,2019-01-05,103.11541
1901055.0,2019-01-05,261.56287
1901061.0,2019-01-06,122.45887
1901063.0,2019-01-06,166.40848
1901064.0,2019-01-06,95.3732
1901065.0,2019-01-06,285.90808
1901062.0,2019-01-06,414.00677
1901071.0,2019-01-07,66.65119
1901074.0,2019-01-07,41.05289
1901073.0,2019-01-07,93.56548
1901075.0,2019-01-07,221.28137
1901072.0,2019-01-07,336.07217
1901083.0,2019-01-08,97.593666
1901082.0,2019-01-08,338.2964
1901085.0,2019-01-08,223.52856
1901084.0,2019-01-08,45.26107
1901081.0,2019-01-08,70.22877
1901092.0,2019-01-09,313.80957
1901094.0,2019-01-09,31.889627
1901093.0,2019-01-09,73.79168
1901095.0,2019-01-09,198.69551
1901091.0,2019-01-09,55.383053
1901104.0,2019-01-10,30.087194
1901105.0,2019-01-10,198.33148
1901101.0,2019-01-10,54.636757
1901103.0,2019-01-10,77.11463
1901102.0,2019-01-10,312.0752
1901114.0,2019-01-11,55.46624
1901115.0,2019-01-11,231.67468
1901111.0,2019-01-11,81.60043
1901112.0,2019-01-11,350.64645
1901113.0,2019-01-11,112.12408
1901121.0,2019-01-12,99.54747
1901122.0,2019-01-12,373.00662
1901123.0,2019-01-12,132.9349
1901125.0,2019-01-12,254.5757
1901124.0,2019-01-12,71.565636
1901135.0,2019-01-13,283.01755
1901134.0,2019-01-13,88.16483
1901131.0,2019-01-13,117.37077
1901132.0,2019-01-13,413.51263
1901133.0,2019-01-13,168.40356
1901144.0,2019-01-14,46.462883
1901143.0,2019-01-14,96.590034
1901145.0,2019-01-14,220.02774
1901141.0,2019-01-14,67.277985
1901142.0,2019-01-14,327.7317
1901154.0,2019-01-15,40.731705
1901155.0,2019-01-15,214.6936
1901152.0,2019-01-15,326.5272
1901153.0,2019-01-15,87.387405
1901151.0,2019-01-15,65.8439
1901164.0,2019-01-16,42.622036
1901162.0,2019-01-16,335.49533
1901161.0,2019-01-16,67.91514
1901163.0,2019-01-16,94.72553
1901165.0,2019-01-16,220.88052
1901172.0,2019-01-17,340.75146
1901175.0,2019-01-17,227.70058
1901174.0,2019-01-17,48.01308
1901171.0,2019-01-17,76.23315
1901173.0,2019-01-17,103.65812
1901182.0,2019-01-18,326.49374
1901185.0,2019-01-18,214.91971
1901183.0,2019-01-18,96.90044
1901181.0,2019-01-18,74.59805
1901184.0,2019-01-18,49.92317
1901195.0,2019-01-19,239.35046
1901193.0,2019-01-19,118.01787
1901192.0,2019-01-19,352.16446
1901194.0,2019-01-19,69.79535
1901191.0,2019-01-19,93.0648
1901201.0,2019-01-20,108.427826
1901203.0,2019-01-20,145.35013
1901202.0,2019-01-20,387.097
1901205.0,2019-01-20,263.64532
1901204.0,2019-01-20,84.29584
1901212.0,2019-01-21,317.6604
1901215.0,2019-01-21,205.328
1901213.0,2019-01-21,80.16364
1901214.0,2019-01-21,31.911879
1901211.0,2019-01-21,56.718987
1901224.0,2019-01-22,34.040813
1901223.0,2019-01-22,74.31961
1901222.0,2019-01-22,305.89532
1901221.0,2019-01-22,58.97645
1901225.0,2019-01-22,192.68362
1901231.0,2019-01-23,61.916496
1901234.0,2019-01-23,36.221935
1901232.0,2019-01-23,308.7139
1901233.0,2019-01-23,75.70761
1901235.0,2019-01-23,192.79822
1901245.0,2019-01-24,192.92363
1901241.0,2019-01-24,52.244144
1901244.0,2019-01-24,30.543428
1901243.0,2019-01-24,74.831154
1901242.0,2019-01-24,304.2788
1901254.0,2019-01-25,34.097153
1901255.0,2019-01-25,195.47002
1901252.0,2019-01-25,309.08072
1901251.0,2019-01-25,59.300648
1901253.0,2019-01-25,78.17439
1901263.0,2019-01-26,123.57095
1901265.0,2019-01-26,242.78563
1901262.0,2019-01-26,362.80362
1901261.0,2019-01-26,89.22801
1901264.0,2019-01-26,66.82201
1901275.0,2019-01-27,280.55713
1901272.0,2019-01-27,409.66763
1901274.0,2019-01-27,90.803406
1901273.0,2019-01-27,168.30247
1901271.0,2019-01-27,120.97518
1901282.0,2019-01-28,329.243
1901281.0,2019-01-28,68.87622
1901285.0,2019-01-28,215.37027
1901284.0,2019-01-28,44.172684
1901283.0,2019-01-28,94.51565
1901294.0,2019-01-29,1.4373161
1901293.0,2019-01-29,15.445334
1901291.0,2019-01-29,5.954762
1901295.0,2019-01-29,135.51729
1901292.0,2019-01-29,248.05264
1901303.0,2019-01-30,8.179423
1901301.0,2019-01-30,4.4226966
1901304.0,2019-01-30,1.4373161
1901302.0,2019-01-30,242.34966
1901305.0,2019-01-30,129.31175
1901312.0,2019-01-31,321.7219
1901314.0,2019-01-31,38.76993
1901313.0,2019-01-31,86.099724
1901311.0,2019-01-31,63.105724
1901315.0,2019-01-31,209.12796
1902015.0,2019-02-01,234.60963
1902011.0,2019-02-01,89.009415
1902013.0,2019-02-01,109.76071
1902012.0,2019-02-01,345.4359
1902014.0,2019-02-01,63.19608
1902024.0,2019-02-02,64.37057
1902025.0,2019-02-02,238.5323
1902023.0,2019-02-02,114.79776
1902021.0,2019-02-02,88.311676
1902022.0,2019-02-02,349.81677
1902032.0,2019-02-03,384.09448
1902031.0,2019-02-03,100.604706
1902035.0,2019-02-03,259.631
1902034.0,2019-02-03,76.93783
1902033.0,2019-02-03,144.52101
1902042.0,2019-02-04,315.02847
1902044.0,2019-02-04,31.217976
1902043.0,2019-02-04,77.10605
1902045.0,2019-02-04,201.42622
1902041.0,2019-02-04,54.718655
1902054.0,2019-02-05,48.041965
1902053.0,2019-02-05,95.37841
1902052.0,2019-02-05,333.91022
1902055.0,2019-02-05,220.17519
1902051.0,2019-02-05,71.18868
1902062.0,2019-02-06,324.82086
1902065.0,2019-02-06,212.2559
1902061.0,2019-02-06,68.09924
1902063.0,2019-02-06,89.77481
1902064.0,2019-02-06,43.77453
1902075.0,2019-02-07,228.18817
1902071.0,2019-02-07,78.211174
1902072.0,2019-02-07,342.97256
1902074.0,2019-02-07,51.682125
1902073.0,2019-02-07,104.66008
1902085.0,2019-02-08,248.7207
1902084.0,2019-02-08,70.33341
1902082.0,2019-02-08,364.5023
1902081.0,2019-02-08,94.42524
1902083.0,2019-02-08,124.125916
1902094.0,2019-02-09,72.03468
1902095.0,2019-02-09,257.86102
1902092.0,2019-02-09,379.02676
1902091.0,2019-02-09,100.84095
1902093.0,2019-02-09,138.07535
1902104.0,2019-02-10,94.27507
1902102.0,2019-02-10,416.97488
1902101.0,2019-02-10,123.68895
1902105.0,2019-02-10,286.42975
1902103.0,2019-02-10,172.27278
1902115.0,2019-02-11,217.56017
1902112.0,2019-02-11,331.5721
1902114.0,2019-02-11,38.697662
1902113.0,2019-02-11,91.104645
1902111.0,2019-02-11,63.4357
1902122.0,2019-02-12,340.8786
1902125.0,2019-02-12,226.96643
1902123.0,2019-02-12,101.449135
1902124.0,2019-02-12,49.94347
1902121.0,2019-02-12,74.4345
1902133.0,2019-02-13,94.12177
1902134.0,2019-02-13,41.121883
1902132.0,2019-02-13,337.00296
1902135.0,2019-02-13,222.05298
1902131.0,2019-02-13,65.51197
1902145.0,2019-02-14,230.79912
1902143.0,2019-02-14,106.28511
1902142.0,2019-02-14,347.97433
1902144.0,2019-02-14,48.915462
1902141.0,2019-02-14,73.88694
1902152.0,2019-02-15,372.1464
1902151.0,2019-02-15,92.431526
1902155.0,2019-02-15,246.91109
1902154.0,2019-02-15,64.44126
1902153.0,2019-02-15,128.51663
1902163.0,2019-02-16,164.05922
1902162.0,2019-02-16,407.26862
1902165.0,2019-02-16,281.64713
1902164.0,2019-02-16,88.1615
1902161.0,2019-02-16,119.35032
1902174.0,2019-02-17,108.40084
1902173.0,2019-02-17,196.58371
1902175.0,2019-02-17,310.89725
1902172.0,2019-02-17,446.08087
1902171.0,2019-02-17,140.34995
1902185.0,2019-02-18,240.42105
1902181.0,2019-02-18,79.57582
1902182.0,2019-02-18,362.231
1902184.0,2019-02-18,51.581604
1902183.0,2019-02-18,120.45435
1902194.0,2019-02-19,56.81053
1902193.0,2019-02-19,115.49298
1902192.0,2019-02-19,354.67075
1902191.0,2019-02-19,87.65634
1902195.0,2019-02-19,241.50664
1902204.0,2019-02-20,56.16455
1902203.0,2019-02-20,107.02758
1902201.0,2019-02-20,79.33259
1902202.0,2019-02-20,347.1934
1902205.0,2019-02-20,232.47057
1902212.0,2019-02-21,349.24707
1902214.0,2019-02-21,48.906277
1902215.0,2019-02-21,231.65857
1902213.0,2019-02-21,106.69893
1902211.0,2019-02-21,75.14888
1902224.0,2019-02-22,55.916073
1902225.0,2019-02-22,231.28185
1902222.0,2019-02-22,350.44162
1902221.0,2019-02-22,82.40772
1902223.0,2019-02-22,107.50729
1902234.0,2019-02-23,68.385796
1902232.0,2019-02-23,364.64795
1902233.0,2019-02-23,125.18074
1902231.0,2019-02-23,94.37028
1902235.0,2019-02-23,246.8503
1902243.0,2019-02-24,178.96251
1902245.0,2019-02-24,290.32498
1902242.0,2019-02-24,429.70395
1902244.0,2019-02-24,97.782616
1902241.0,2019-02-24,130.55989
1902253.0,2019-02-25,119.26018
1902252.0,2019-02-25,363.3966
1902255.0,2019-02-25,243.7888
1902251.0,2019-02-25,84.44487
1902254.0,2019-02-25,55.191975
1902262.0,2019-02-26,368.28256
1902261.0,2019-02-26,89.515114
1902264.0,2019-02-26,61.981956
1902263.0,2019-02-26,124.97526
1902265.0,2019-02-26,247.14919
1902273.0,2019-02-27,131.35985
1902274.0,2019-02-27,66.41673
1902275.0,2019-02-27,252.87254
1902272.0,2019-02-27,377.19498
1902271.0,2019-02-27,92.39241
1902281.0,2019-02-28,78.75187
1902283.0,2019-02-28,118.066666
1902282.0,2019-02-28,362.4277
1902284.0,2019-02-28,54.721478
1902285.0,2019-02-28,245.1773
1903015.0,2019-03-01,253.57066
1903013.0,2019-03-01,126.138954
1903014.0,2019-03-01,70.00094
1903012.0,2019-03-01,364.71152
1903011.0,2019-03-01,94.65861
1903024.0,2019-03-02,76.918236
1903021.0,2019-03-02,106.490555
1903022.0,2019-03-02,378.76492
1903025.0,2019-03-02,261.645
1903023.0,2019-03-02,137.84567
1903035.0,2019-03-03,293.85028
1903031.0,2019-03-03,130.49301
1903034.0,2019-03-03,100.84274
1903033.0,2019-03-03,184.06972
1903032.0,2019-03-03,431.93124
1903045.0,2019-03-04,238.74153
1903042.0,2019-03-04,356.78793
1903043.0,2019-03-04,113.65437
1903044.0,2019-03-04,54.600178
1903041.0,2019-03-04,83.00201
1903054.0,2019-03-05,87.63356
1903051.0,2019-03-05,116.1298
1903053.0,2019-03-05,161.65045
1903052.0,2019-03-05,403.22754
1903055.0,2019-03-05,278.78326
1903061.0,2019-03-06,78.2822
1903062.0,2019-03-06,344.4293
1903064.0,2019-03-06,54.05534
1903063.0,2019-03-06,105.25011
1903065.0,2019-03-06,229.75479
1903075.0,2019-03-07,246.86803
1903071.0,2019-03-07,87.20634
1903074.0,2019-03-07,58.17448
1903072.0,2019-03-07,362.5037
1903073.0,2019-03-07,119.390785
1903084.0,2019-03-08,70.24965
1903083.0,2019-03-08,129.46402
1903082.0,2019-03-08,370.08942
1903081.0,2019-03-08,93.66189
1903085.0,2019-03-08,251.12376
1903091.0,2019-03-09,106.501495
1903093.0,2019-03-09,141.35822
1903094.0,2019-03-09,78.11144
1903092.0,2019-03-09,383.64746
1903095.0,2019-03-09,264.6826
1903101.0,2019-03-10,126.32041
1903105.0,2019-03-10,290.2807
1903102.0,2019-03-10,421.4411
1903104.0,2019-03-10,96.03216
1903103.0,2019-03-10,177.61221
1903113.0,2019-03-11,119.11454
1903112.0,2019-03-11,360.00827
1903111.0,2019-03-11,96.04603
1903115.0,2019-03-11,249.0596
1903114.0,2019-03-11,65.472145
1903121.0,2019-03-12,73.15058
1903122.0,2019-03-12,336.1576
1903123.0,2019-03-12,98.95319
1903124.0,2019-03-12,49.261158
1903125.0,2019-03-12,224.31073
1903135.0,2019-03-13,222.15265
1903133.0,2019-03-13,96.69971
1903134.0,2019-03-13,47.600384
1903131.0,2019-03-13,70.93475
1903132.0,2019-03-13,335.25427
1903144.0,2019-03-14,50.977257
1903145.0,2019-03-14,230.35938
1903143.0,2019-03-14,105.26204
1903142.0,2019-03-14,345.24896
1903141.0,2019-03-14,76.75069
1903151.0,2019-03-15,91.23693
1903152.0,2019-03-15,364.40286
1903154.0,2019-03-15,67.44507
1903153.0,2019-03-15,124.38572
1903155.0,2019-03-15,249.77287
1903163.0,2019-03-16,138.9254
1903162.0,2019-03-16,380.62122
1903161.0,2019-03-16,108.06563
1903164.0,2019-03-16,78.89458
1903165.0,2019-03-16,261.92224
1903171.0,2019-03-17,121.66982
1903175.0,2019-03-17,286.78452
1903173.0,2019-03-17,175.62001
1903174.0,2019-03-17,91.707726
1903172.0,2019-03-17,418.5083
1903182.0,2019-03-18,348.4001
1903183.0,2019-03-18,107.3819
1903184.0,2019-03-18,51.96578
1903181.0,2019-03-18,78.88966
1903185.0,2019-03-18,233.7344
1903195.0,2019-03-19,236.66461
1903193.0,2019-03-19,112.061676
1903194.0,2019-03-19,58.009487
1903192.0,2019-03-19,353.10947
1903191.0,2019-03-19,83.45952
,2019-03-20,170.52357
1903211.0,2019-03-21,80.06144
1903212.0,2019-03-21,361.95767
1903215.0,2019-03-21,237.85956
1903213.0,2019-03-21,114.222336
1903214.0,2019-03-21,53.31516
1903225.0,2019-03-22,267.8957
1903223.0,2019-03-22,146.705
1903224.0,2019-03-22,81.50238
1903222.0,2019-03-22,388.03726
1903221.0,2019-03-22,110.22062
1903234.0,2019-03-23,83.23795
1903232.0,2019-03-23,397.9027
1903235.0,2019-03-23,273.30206
1903233.0,2019-03-23,155.55128
1903231.0,2019-03-23,111.82022
1903241.0,2019-03-24,122.210686
1903243.0,2019-03-24,174.82329
1903244.0,2019-03-24,91.8403
1903245.0,2019-03-24,286.24664
1903242.0,2019-03-24,417.94666
1903251.0,2019-03-25,81.98544
1903253.0,2019-03-25,114.29474
1903255.0,2019-03-25,239.02924
1903254.0,2019-03-25,54.005295
1903252.0,2019-03-25,357.85095
1903264.0,2019-03-26,54.80559
1903261.0,2019-03-26,80.92652
1903265.0,2019-03-26,237.05511
1903263.0,2019-03-26,112.85925
1903262.0,2019-03-26,354.9055
1903272.0,2019-03-27,353.37115
1903274.0,2019-03-27,57.529415
1903271.0,2019-03-27,81.753105
1903273.0,2019-03-27,111.33036
1903275.0,2019-03-27,235.88728
1903284.0,2019-03-28,58.00507
1903285.0,2019-03-28,245.52371
1903281.0,2019-03-28,87.17997
1903283.0,2019-03-28,126.458755
1903282.0,2019-03-28,369.35248
1903292.0,2019-03-29,390.44592
1903295.0,2019-03-29,267.1032
1903294.0,2019-03-29,76.10428
1903291.0,2019-03-29,103.87584
1903293.0,2019-03-29,149.2739
1903304.0,2019-03-30,98.274315
1903305.0,2019-03-30,299.69308
1903301.0,2019-03-30,134.86555
1903303.0,2019-03-30,188.77994
1903302.0,2019-03-30,433.81064
1903314.0,2019-03-31,109.39675
1903313.0,2019-03-31,192.27911
1903315.0,2019-03-31,314.4173
1903311.0,2019-03-31,147.4025
1903312.0,2019-03-31,446.93985
1904011.0,2019-04-01,89.27146
1904015.0,2019-04-01,248.42488
1904013.0,2019-04-01,121.64495
1904012.0,2019-04-01,363.28235
1904014.0,2019-04-01,61.215397
1904024.0,2019-04-02,68.65858
1904021.0,2019-04-02,98.12628
1904022.0,2019-04-02,371.2141
1904025.0,2019-04-02,253.67656
1904023.0,2019-04-02,136.26918
,2019-04-03,183.1704
1904044.0,2019-04-04,70.20907
1904041.0,2019-04-04,97.961655
1904043.0,2019-04-04,137.23155
1904042.0,2019-04-04,377.386
1904045.0,2019-04-04,257.30457
1904053.0,2019-04-05,156.62614
1904055.0,2019-04-05,277.69882
1904051.0,2019-04-05,118.72169
1904052.0,2019-04-05,401.51562
1904054.0,2019-04-05,90.130356
1904064.0,2019-04-06,102.41618
1904061.0,2019-04-06,135.08922
1904065.0,2019-04-06,295.78287
1904063.0,2019-04-06,181.61574
1904062.0,2019-04-06,423.75406
1904071.0,2019-04-07,156.62198
1904075.0,2019-04-07,326.97244
1904074.0,2019-04-07,121.462685
1904073.0,2019-04-07,213.60393
1904072.0,2019-04-07,465.12994
1904082.0,2019-04-08,371.1983
1904084.0,2019-04-08,64.444534
1904081.0,2019-04-08,97.7068
1904085.0,2019-04-08,256.18307
1904083.0,2019-04-08,132.81091
1904091.0,2019-04-09,103.41487
1904095.0,2019-04-09,259.53748
1904094.0,2019-04-09,72.28136
1904093.0,2019-04-09,132.87476
1904092.0,2019-04-09,373.5629
1904105.0,2019-04-10,248.47615
1904102.0,2019-04-10,363.03085
1904104.0,2019-04-10,65.93211
1904101.0,2019-04-10,93.481636
1904103.0,2019-04-10,121.56692
1904112.0,2019-04-11,365.54053
1904113.0,2019-04-11,123.10751
1904115.0,2019-04-11,249.09845
1904111.0,2019-04-11,91.51843
1904114.0,2019-04-11,61.325027
1904124.0,2019-04-12,77.415215
1904122.0,2019-04-12,376.17316
1904125.0,2019-04-12,261.52264
1904123.0,2019-04-12,134.88913
1904121.0,2019-04-12,105.86072
1904132.0,2019-04-13,319.36346
1904134.0,2019-04-13,23.548298
1904133.0,2019-04-13,76.21309
1904135.0,2019-04-13,203.87088
1904131.0,2019-04-13,46.151966
1904143.0,2019-04-14,191.06621
1904145.0,2019-04-14,303.5925
1904141.0,2019-04-14,138.13937
1904142.0,2019-04-14,431.32947
1904144.0,2019-04-14,106.04984
1904152.0,2019-04-15,374.04343
1904155.0,2019-04-15,259.2087
1904154.0,2019-04-15,70.86121
1904151.0,2019-04-15,101.9862
1904153.0,2019-04-15,136.00414
1904161.0,2019-04-16,87.04957
1904165.0,2019-04-16,243.40225
1904162.0,2019-04-16,358.97015
1904164.0,2019-04-16,60.841434
1904163.0,2019-04-16,119.80703
1904173.0,2019-04-17,127.32537
1904171.0,2019-04-17,93.10978
1904175.0,2019-04-17,252.75592
1904172.0,2019-04-17,374.0991
1904174.0,2019-04-17,68.75411
1904183.0,2019-04-18,153.1637
1904181.0,2019-04-18,107.47149
1904184.0,2019-04-18,75.24393
1904182.0,2019-04-18,393.11395
1904185.0,2019-04-18,267.61774
,2019-04-19,261.20212
1904201.0,2019-04-20,141.61021
1904202.0,2019-04-20,432.27194
1904205.0,2019-04-20,304.56833
1904204.0,2019-04-20,106.53217
1904203.0,2019-04-20,190.61147
1904213.0,2019-04-21,265.05954
1904215.0,2019-04-21,377.11697
1904211.0,2019-04-21,201.4822
1904212.0,2019-04-21,515.04767
1904214.0,2019-04-21,158.36208
1904221.0,2019-04-22,145.14806
1904225.0,2019-04-22,321.2923
1904222.0,2019-04-22,458.58548
1904223.0,2019-04-22,208.25276
1904224.0,2019-04-22,107.910645
1904232.0,2019-04-23,390.19467
1904231.0,2019-04-23,100.04325
1904234.0,2019-04-23,70.64748
1904233.0,2019-04-23,150.52078
1904235.0,2019-04-23,267.17557
1904243.0,2019-04-24,151.58972
1904245.0,2019-04-24,268.15912
1904244.0,2019-04-24,71.96547
1904242.0,2019-04-24,397.4198
1904241.0,2019-04-24,105.19694
1904253.0,2019-04-25,178.12492
1904254.0,2019-04-25,84.780106
1904252.0,2019-04-25,424.81277
1904255.0,2019-04-25,290.8276
1904251.0,2019-04-25,118.900085
1904263.0,2019-04-26,196.72742
1904262.0,2019-04-26,440.02844
1904264.0,2019-04-26,104.7868
1904261.0,2019-04-26,137.35075
1904265.0,2019-04-26,303.7794
1904273.0,2019-04-27,177.70502
1904272.0,2019-04-27,421.82065
1904275.0,2019-04-27,291.6105
1904274.0,2019-04-27,89.50262
1904271.0,2019-04-27,122.013885
1904282.0,2019-04-28,457.24295
1904285.0,2019-04-28,315.13544
1904283.0,2019-04-28,208.24841
1904284.0,2019-04-28,112.48049
1904281.0,2019-04-28,149.25774
1904295.0,2019-04-29,264.31766
1904294.0,2019-04-29,72.20794
1904292.0,2019-04-29,387.28085
1904291.0,2019-04-29,104.55514
1904293.0,2019-04-29,148.93806
1904304.0,2019-04-30,66.94405
1904305.0,2019-04-30,261.78613
1904303.0,2019-04-30,151.35481
1904302.0,2019-04-30,384.23596
1904301.0,2019-04-30,93.894585
,2019-05-01,260.09122
1905022.0,2019-05-02,406.4979
1905025.0,2019-05-02,279.80963
1905024.0,2019-05-02,80.76959
1905021.0,2019-05-02,111.49306
1905023.0,2019-05-02,148.62424
1905032.0,2019-05-03,397.12878
1905033.0,2019-05-03,155.39082
1905035.0,2019-05-03,278.00714
1905031.0,2019-05-03,117.13517
1905034.0,2019-05-03,86.164375
1905045.0,2019-05-04,294.57782
1905042.0,2019-05-04,416.15927
1905043.0,2019-05-04,173.67805
1905041.0,2019-05-04,133.56049
1905044.0,2019-05-04,100.17923
1905054.0,2019-05-05,121.8523
1905053.0,2019-05-05,212.4688
1905055.0,2019-05-05,328.39975
1905051.0,2019-05-05,154.76118
1905052.0,2019-05-05,459.28928
1905064.0,2019-05-06,75.65674
1905065.0,2019-05-06,269.00937
1905061.0,2019-05-06,108.79065
1905062.0,2019-05-06,389.83914
1905063.0,2019-05-06,147.32077
1905073.0,2019-05-07,142.40971
1905074.0,2019-05-07,73.31777
1905071.0,2019-05-07,104.78364
1905075.0,2019-05-07,265.0113
1905072.0,2019-05-07,383.74142
1905085.0,2019-05-08,252.93182
1905081.0,2019-05-08,96.20164
1905083.0,2019-05-08,135.47032
1905082.0,2019-05-08,378.68512
1905084.0,2019-05-08,69.167496
1905095.0,2019-05-09,273.7205
1905092.0,2019-05-09,400.61047
1905093.0,2019-05-09,159.8629
1905094.0,2019-05-09,81.26011
1905091.0,2019-05-09,115.40275
1905102.0,2019-05-10,416.273
1905101.0,2019-05-10,131.41678
1905104.0,2019-05-10,102.2073
1905103.0,2019-05-10,179.71246
1905105.0,2019-05-10,295.90582
1905114.0,2019-05-11,113.82572
1905112.0,2019-05-11,438.05252
1905111.0,2019-05-11,150.88858
1905113.0,2019-05-11,197.2626
1905115.0,2019-05-11,313.65527
1905125.0,2019-05-12,324.9135
1905121.0,2019-05-12,152.90808
1905122.0,2019-05-12,462.5641
1905123.0,2019-05-12,209.8634
1905124.0,2019-05-12,116.929146
1905132.0,2019-05-13,393.49786
1905135.0,2019-05-13,270.4294
1905131.0,2019-05-13,109.055374
1905133.0,2019-05-13,151.95258
1905134.0,2019-05-13,76.48685
1905143.0,2019-05-14,165.88153
1905141.0,2019-05-14,122.068535
1905144.0,2019-05-14,88.88936
1905145.0,2019-05-14,285.15613
1905142.0,2019-05-14,408.04294
1905155.0,2019-05-15,265.9082
1905151.0,2019-05-15,105.127846
1905154.0,2019-05-15,76.42255
1905153.0,2019-05-15,148.86646
1905152.0,2019-05-15,391.40216
1905165.0,2019-05-16,286.37994
1905163.0,2019-05-16,169.9367
1905162.0,2019-05-16,411.1164
1905161.0,2019-05-16,122.463646
1905164.0,2019-05-16,86.466774
1905171.0,2019-05-17,134.2437
1905174.0,2019-05-17,102.084274
1905175.0,2019-05-17,296.63617
1905173.0,2019-05-17,177.55023
1905172.0,2019-05-17,419.13104
1905182.0,2019-05-18,439.5876
1905181.0,2019-05-18,145.65526
1905184.0,2019-05-18,110.44196
1905185.0,2019-05-18,314.7137
1905183.0,2019-05-18,202.97133
1905192.0,2019-05-19,472.48923
1905194.0,2019-05-19,123.16891
1905193.0,2019-05-19,217.92865
1905191.0,2019-05-19,159.11375
1905195.0,2019-05-19,333.02045
1905203.0,2019-05-20,168.52281
1905202.0,2019-05-20,410.48843
1905204.0,2019-05-20,83.22834
1905201.0,2019-05-20,119.835106
1905205.0,2019-05-20,286.48965
1905213.0,2019-05-21,163.46484
1905214.0,2019-05-21,80.15805
1905212.0,2019-05-21,405.1393
1905215.0,2019-05-21,277.41733
1905211.0,2019-05-21,111.83212
1905221.0,2019-05-22,119.70745
1905225.0,2019-05-22,282.09348
1905224.0,2019-05-22,85.32524
1905223.0,2019-05-22,160.40869
1905222.0,2019-05-22,400.47476
1905231.0,2019-05-23,109.649414
1905234.0,2019-05-23,75.582054
1905233.0,2019-05-23,166.5222
1905232.0,2019-05-23,400.25592
1905235.0,2019-05-23,273.13818
1905242.0,2019-05-24,425.89725
1905243.0,2019-05-24,184.70363
1905245.0,2019-05-24,297.9331
1905244.0,2019-05-24,96.11741
1905241.0,2019-05-24,128.63177
1905255.0,2019-05-25,295.68207
1905252.0,2019-05-25,428.10147
1905251.0,2019-05-25,128.2483
1905253.0,2019-05-25,187.61342
1905254.0,2019-05-25,98.44184
1905263.0,2019-05-26,212.88026
1905265.0,2019-05-26,324.382
1905262.0,2019-05-26,463.62784
1905264.0,2019-05-26,117.66586
1905261.0,2019-05-26,153.06448
1905274.0,2019-05-27,80.08554
1905275.0,2019-05-27,279.5605
1905271.0,2019-05-27,114.026215
1905272.0,2019-05-27,404.8
1905273.0,2019-05-27,162.10432
1905283.0,2019-05-28,151.03532
1905282.0,2019-05-28,393.9441
1905284.0,2019-05-28,79.224304
1905285.0,2019-05-28,271.3398
1905281.0,2019-05-28,110.32705
1905295.0,2019-05-29,253.52744
1905292.0,2019-05-29,375.63742
1905293.0,2019-05-29,133.91365
1905294.0,2019-05-29,65.0089
1905291.0,2019-05-29,91.72167
1905304.0,2019-05-30,110.67394
1905301.0,2019-05-30,147.7616
1905302.0,2019-05-30,451.74542
1905303.0,2019-05-30,204.78622
1905305.0,2019-05-30,318.53824
1905313.0,2019-05-31,179.50685
1905314.0,2019-05-31,95.54409
1905312.0,2019-05-31,426.4648
1905311.0,2019-05-31,130.6588
1905315.0,2019-05-31,300.38196
1906011.0,2019-06-01,147.96632
1906012.0,2019-06-01,455.35907
1906013.0,2019-06-01,206.56924
1906014.0,2019-06-01,108.94388
1906015.0,2019-06-01,319.2011
1906025.0,2019-06-02,350.54453
1906022.0,2019-06-02,498.20853
1906024.0,2019-06-02,135.82718
1906023.0,2019-06-02,242.70752
1906021.0,2019-06-02,175.98924
1906033.0,2019-06-03,192.29453
1906035.0,2019-06-03,306.50018
1906034.0,2019-06-03,90.731544
1906031.0,2019-06-03,131.65466
1906032.0,2019-06-03,442.64825
1906044.0,2019-06-04,93.75246
1906041.0,2019-06-04,126.225136
1906042.0,2019-06-04,418.22867
1906043.0,2019-06-04,173.56636
1906045.0,2019-06-04,285.00827
1906054.0,2019-06-05,89.914085
1906052.0,2019-06-05,422.64853
1906055.0,2019-06-05,298.7537
1906053.0,2019-06-05,182.77599
1906051.0,2019-06-05,121.23114
1906061.0,2019-06-06,134.04196
1906065.0,2019-06-06,305.22803
1906064.0,2019-06-06,97.89137
1906062.0,2019-06-06,440.9033
1906063.0,2019-06-06,193.06573
1906071.0,2019-06-07,144.57391
1906073.0,2019-06-07,195.99232
1906072.0,2019-06-07,437.96457
1906074.0,2019-06-07,106.791214
1906075.0,2019-06-07,306.99405
1906081.0,2019-06-08,151.2948
1906084.0,2019-06-08,114.38716
1906083.0,2019-06-08,205.27264
1906082.0,2019-06-08,451.59702
1906085.0,2019-06-08,320.4525
1906095.0,2019-06-09,393.20837
1906091.0,2019-06-09,215.33171
1906094.0,2019-06-09,174.0161
1906093.0,2019-06-09,282.0599
1906092.0,2019-06-09,536.6788
1906102.0,2019-06-10,465.706
1906105.0,2019-06-10,330.3644
1906101.0,2019-06-10,153.59164
1906103.0,2019-06-10,217.67552
1906104.0,2019-06-10,115.76821
1906112.0,2019-06-11,435.6592
1906115.0,2019-06-11,305.4739
1906113.0,2019-06-11,192.52238
1906111.0,2019-06-11,140.33887
1906114.0,2019-06-11,103.39468
1906122.0,2019-06-12,429.41357
1906124.0,2019-06-12,100.11951
1906125.0,2019-06-12,299.7956
1906123.0,2019-06-12,187.90268
1906121.0,2019-06-12,135.0496
1906133.0,2019-06-13,202.08942
1906134.0,2019-06-13,105.070564
1906135.0,2019-06-13,319.17105
1906131.0,2019-06-13,146.98537
1906132.0,2019-06-13,460.1219
1906142.0,2019-06-14,478.15546
1906141.0,2019-06-14,163.55595
1906145.0,2019-06-14,340.57953
1906144.0,2019-06-14,125.89504
1906143.0,2019-06-14,226.8108
1906153.0,2019-06-15,231.9109
1906151.0,2019-06-15,174.99825
1906154.0,2019-06-15,135.96011
1906152.0,2019-06-15,488.7913
1906155.0,2019-06-15,348.52246
1906161.0,2019-06-16,168.21857
1906165.0,2019-06-16,345.75177
1906163.0,2019-06-16,233.27779
1906164.0,2019-06-16,131.7387
1906162.0,2019-06-16,488.90475
1906174.0,2019-06-17,91.68525
1906172.0,2019-06-17,433.49368
1906173.0,2019-06-17,188.01321
1906171.0,2019-06-17,128.55495
1906175.0,2019-06-17,298.57007
1906185.0,2019-06-18,327.16125
1906184.0,2019-06-18,113.32989
1906183.0,2019-06-18,216.42404
1906181.0,2019-06-18,155.04373
1906182.0,2019-06-18,471.37787
1906194.0,2019-06-19,117.41908
1906192.0,2019-06-19,475.66837
1906195.0,2019-06-19,334.93793
1906193.0,2019-06-19,219.78163
1906191.0,2019-06-19,157.2142
1906203.0,2019-06-20,241.35295
1906201.0,2019-06-20,178.84113
1906205.0,2019-06-20,349.91272
1906204.0,2019-06-20,131.24791
1906202.0,2019-06-20,499.5452
1906212.0,2019-06-21,440.38867
1906211.0,2019-06-21,142.05081
1906214.0,2019-06-21,106.35605
1906213.0,2019-06-21,200.59628
1906215.0,2019-06-21,311.13617
1906225.0,2019-06-22,348.49265
1906221.0,2019-06-22,181.48003
1906223.0,2019-06-22,234.23666
1906222.0,2019-06-22,484.62967
1906224.0,2019-06-22,141.97119
1906231.0,2019-06-23,206.77184
1906234.0,2019-06-23,165.21045
1906235.0,2019-06-23,381.6429
1906233.0,2019-06-23,266.97723
1906232.0,2019-06-23,519.884
1906244.0,2019-06-24,123.807755
1906243.0,2019-06-24,221.64139
1906241.0,2019-06-24,166.4258
1906245.0,2019-06-24,336.17728
1906242.0,2019-06-24,475.79108
1906251.0,2019-06-25,172.28717
1906254.0,2019-06-25,137.90047
1906255.0,2019-06-25,348.78778
1906253.0,2019-06-25,240.47826
1906252.0,2019-06-25,491.64777
1906262.0,2019-06-26,486.38504
1906261.0,2019-06-26,170.0836
1906264.0,2019-06-26,130.48434
1906265.0,2019-06-26,347.6251
1906263.0,2019-06-26,231.15733
1906275.0,2019-06-27,335.30853
1906272.0,2019-06-27,469.47186
1906274.0,2019-06-27,120.344025
1906271.0,2019-06-27,157.14658
1906273.0,2019-06-27,207.73157
1906285.0,2019-06-28,343.98648
1906284.0,2019-06-28,138.08072
1906282.0,2019-06-28,479.32297
1906283.0,2019-06-28,227.17126
1906281.0,2019-06-28,176.88022
1906295.0,2019-06-29,348.84778
1906291.0,2019-06-29,178.58421
1906292.0,2019-06-29,493.1067
1906294.0,2019-06-29,139.57672
1906293.0,2019-06-29,242.20596
1906303.0,2019-06-30,288.5303
1906304.0,2019-06-30,181.98018
1906302.0,2019-06-30,548.5621
1906301.0,2019-06-30,228.66837
1906305.0,2019-06-30,405.81342
1907012.0,2019-07-01,439.69482
1907014.0,2019-07-01,89.14496
1907013.0,2019-07-01,186.13354
1907011.0,2019-07-01,122.96598
1907015.0,2019-07-01,294.1929
1907025.0,2019-07-02,297.4412
1907021.0,2019-07-02,130.54291
1907022.0,2019-07-02,437.95593
1907024.0,2019-07-02,96.50086
1907023.0,2019-07-02,187.93648
1907035.0,2019-07-03,297.1945
1907031.0,2019-07-03,128.18907
1907032.0,2019-07-03,423.227
1907033.0,2019-07-03,182.01567
1907034.0,2019-07-03,94.018326
1907043.0,2019-07-04,189.14272
1907041.0,2019-07-04,134.11937
1907042.0,2019-07-04,431.29962
1907045.0,2019-07-04,302.90503
1907044.0,2019-07-04,96.622116
1907054.0,2019-07-05,113.14715
1907055.0,2019-07-05,315.9822
1907051.0,2019-07-05,149.0267
1907053.0,2019-07-05,201.31346
1907052.0,2019-07-05,443.03082
1907062.0,2019-07-06,462.81387
1907064.0,2019-07-06,122.186935
1907063.0,2019-07-06,217.75612
1907061.0,2019-07-06,161.9797
1907065.0,2019-07-06,331.04773
1907071.0,2019-07-07,177.38672
1907072.0,2019-07-07,494.37125
1907074.0,2019-07-07,137.7284
1907075.0,2019-07-07,352.1368
1907073.0,2019-07-07,240.18494
1907083.0,2019-07-08,188.2672
1907084.0,2019-07-08,97.11138
1907081.0,2019-07-08,134.15912
1907085.0,2019-07-08,300.8202
1907082.0,2019-07-08,427.98065
1907093.0,2019-07-09,186.39099
1907094.0,2019-07-09,96.1156
1907092.0,2019-07-09,429.4852
1907095.0,2019-07-09,301.54205
1907091.0,2019-07-09,133.40201
,2019-07-10,223.88533
1907114.0,2019-07-11,105.333984
1907113.0,2019-07-11,200.86932
1907111.0,2019-07-11,144.81758
1907112.0,2019-07-11,442.80765
1907115.0,2019-07-11,313.52563
1907123.0,2019-07-12,195.85344
1907121.0,2019-07-12,142.84178
1907122.0,2019-07-12,438.78656
1907125.0,2019-07-12,309.50345
1907124.0,2019-07-12,108.20926
1907132.0,2019-07-13,468.7667
1907131.0,2019-07-13,159.52307
1907135.0,2019-07-13,332.13907
1907134.0,2019-07-13,119.444664
1907133.0,2019-07-13,218.2415
1907141.0,2019-07-14,186.51778
1907143.0,2019-07-14,250.36282
1907142.0,2019-07-14,502.40784
1907144.0,2019-07-14,141.13437
1907145.0,2019-07-14,358.7419
1907154.0,2019-07-15,92.29643
1907153.0,2019-07-15,184.84975
1907152.0,2019-07-15,426.873
1907151.0,2019-07-15,131.77235
1907155.0,2019-07-15,299.1616
1907163.0,2019-07-16,164.14775
1907165.0,2019-07-16,276.18198
1907161.0,2019-07-16,110.99092
1907162.0,2019-07-16,411.93097
1907164.0,2019-07-16,80.105385
1907172.0,2019-07-17,424.4501
1907174.0,2019-07-17,93.40508
1907171.0,2019-07-17,126.40121
1907173.0,2019-07-17,182.79608
1907175.0,2019-07-17,296.94284
1907182.0,2019-07-18,424.76538
1907183.0,2019-07-18,179.73418
1907181.0,2019-07-18,123.392555
1907184.0,2019-07-18,88.48248
1907185.0,2019-07-18,297.28595
1907191.0,2019-07-19,152.7095
1907192.0,2019-07-19,457.9
1907195.0,2019-07-19,322.8038
1907194.0,2019-07-19,114.36157
1907193.0,2019-07-19,210.63518
1907202.0,2019-07-20,499.81754
1907205.0,2019-07-20,360.57108
1907204.0,2019-07-20,135.63046
1907203.0,2019-07-20,242.06477
1907201.0,2019-07-20,179.40778
1907215.0,2019-07-21,362.2941
1907213.0,2019-07-21,248.05931
1907211.0,2019-07-21,181.24844
1907214.0,2019-07-21,138.89447
1907212.0,2019-07-21,496.18533
1907224.0,2019-07-22,105.737495
1907225.0,2019-07-22,309.67126
1907221.0,2019-07-22,142.87918
1907223.0,2019-07-22,197.88257
1907222.0,2019-07-22,436.53207
1907233.0,2019-07-23,177.83395
1907231.0,2019-07-23,120.30629
1907235.0,2019-07-23,297.45425
1907234.0,2019-07-23,90.33931
1907232.0,2019-07-23,442.06277
1907243.0,2019-07-24,200.57344
1907241.0,2019-07-24,136.23865
1907245.0,2019-07-24,312.84167
1907242.0,2019-07-24,447.43503
1907244.0,2019-07-24,99.23995
1907254.0,2019-07-25,108.67574
1907255.0,2019-07-25,329.52106
1907251.0,2019-07-25,152.66325
1907253.0,2019-07-25,216.85213
1907252.0,2019-07-25,469.0686
1907261.0,2019-07-26,170.17607
1907265.0,2019-07-26,349.5818
1907263.0,2019-07-26,238.2332
1907262.0,2019-07-26,492.24252
1907264.0,2019-07-26,131.5502
1907273.0,2019-07-27,242.42287
1907274.0,2019-07-27,139.90637
1907271.0,2019-07-27,181.4887
1907272.0,2019-07-27,498.66052
1907275.0,2019-07-27,357.10248
1907285.0,2019-07-28,378.33044
1907282.0,2019-07-28,517.2446
1907284.0,2019-07-28,155.73204
1907281.0,2019-07-28,198.42299
1907283.0,2019-07-28,263.4454
1907292.0,2019-07-29,456.29294
1907293.0,2019-07-29,204.98903
1907291.0,2019-07-29,144.6527
1907294.0,2019-07-29,101.82297
1907295.0,2019-07-29,317.65527
1907305.0,2019-07-30,313.23248
1907304.0,2019-07-30,104.19653
1907301.0,2019-07-30,140.85898
1907302.0,2019-07-30,442.1545
1907303.0,2019-07-30,193.78127
